order_id,product_id,quantity_sold,order_date
O000001,P0032,8,2025-05-21 15:00:07.046225
O000002,P0044,3,2025-06-20 15:00:07.046243
O000003,P0028,9,2025-06-26 15:00:07.046249
O000004,P0079,4,2025-04-19 15:00:07.046254
O000005,P0054,9,2025-05-03 15:00:07.046258
O000006,P0004,2,2025-06-29 15:00:07.046263
O000007,P0073,4,2025-06-20 15:00:07.046268
O000008,P0089,1,2025-05-29 15:00:07.046273
O000009,P0088,7,2025-06-21 15:00:07.046281
O000010,P0003,4,2025-04-28 15:00:07.046284
O000011,P0073,7,2025-06-12 15:00:07.046287
O000012,P0055,7,2025-07-05 15:00:07.046289
O000013,P0092,4,2025-06-04 15:00:07.046292
O000014,P0013,7,2025-05-10 15:00:07.046294
O000015,P0042,8,2025-05-12 15:00:07.046297
O000016,P0066,8,2025-06-26 15:00:07.046299
O000017,P0015,2,2025-05-01 15:00:07.046302
O000018,P0073,3,2025-05-28 15:00:07.046304
O000019,P0100,7,2025-04-20 15:00:07.046307
O000020,P0048,4,2025-04-21 15:00:07.046309
O000021,P0095,1,2025-04-25 15:00:07.046312
O000022,P0001,5,2025-07-08 15:00:07.046314
O000023,P0082,6,2025-07-11 15:00:07.046317
O000024,P0058,2,2025-07-09 15:00:07.046319
O000025,P0038,5,2025-05-17 15:00:07.046322
O000026,P0054,8,2025-06-16 15:00:07.046324
O000027,P0044,8,2025-07-07 15:00:07.046327
O000028,P0072,3,2025-06-03 15:00:07.046329
O000029,P0066,5,2025-04-30 15:00:07.046332
O000030,P0050,5,2025-05-03 15:00:07.046334
O000031,P0088,6,2025-04-24 15:00:07.046337
O000032,P0081,1,2025-04-20 15:00:07.046339
O000033,P0012,2,2025-05-02 15:00:07.046341
O000034,P0074,2,2025-05-02 15:00:07.046345
O000035,P0034,5,2025-07-06 15:00:07.046347
O000036,P0049,6,2025-04-12 15:00:07.046349
O000037,P0017,6,2025-04-14 15:00:07.046352
O000038,P0008,7,2025-04-21 15:00:07.046354
O000039,P0006,9,2025-06-26 15:00:07.046356
O000040,P0091,1,2025-07-01 15:00:07.046359
O000041,P0089,7,2025-06-18 15:00:07.046361
O000042,P0044,7,2025-04-20 15:00:07.046364
O000043,P0002,9,2025-06-14 15:00:07.046366
O000044,P0093,5,2025-06-11 15:00:07.046369
O000045,P0072,1,2025-05-03 15:00:07.046371
O000046,P0052,1,2025-06-30 15:00:07.046374
O000047,P0050,6,2025-07-09 15:00:07.046376
O000048,P0085,9,2025-07-08 15:00:07.046379
O000049,P0067,9,2025-05-10 15:00:07.046381
O000050,P0034,3,2025-05-20 15:00:07.046383
O000051,P0100,3,2025-05-03 15:00:07.046386
O000052,P0055,1,2025-05-28 15:00:07.046391
O000053,P0041,4,2025-04-17 15:00:07.046395
O000054,P0033,5,2025-04-22 15:00:07.046400
O000055,P0069,7,2025-06-18 15:00:07.046404
O000056,P0071,2,2025-04-18 15:00:07.046408
O000057,P0003,7,2025-05-20 15:00:07.046413
O000058,P0065,2,2025-04-28 15:00:07.046416
O000059,P0064,1,2025-06-21 15:00:07.046421
O000060,P0037,2,2025-06-07 15:00:07.046425
O000061,P0062,2,2025-07-07 15:00:07.046429
O000062,P0077,4,2025-05-16 15:00:07.046433
O000063,P0054,8,2025-05-01 15:00:07.046437
O000064,P0008,3,2025-04-25 15:00:07.046442
O000065,P0036,2,2025-05-10 15:00:07.046446
O000066,P0003,3,2025-04-26 15:00:07.046451
O000067,P0023,2,2025-06-19 15:00:07.046456
O000068,P0054,9,2025-06-16 15:00:07.046458
O000069,P0075,8,2025-04-16 15:00:07.046460
O000070,P0021,7,2025-05-10 15:00:07.046463
O000071,P0037,6,2025-05-20 15:00:07.046465
O000072,P0073,9,2025-06-09 15:00:07.046468
O000073,P0074,5,2025-06-18 15:00:07.046470
O000074,P0075,2,2025-06-12 15:00:07.046473
O000075,P0005,1,2025-05-21 15:00:07.046475
O000076,P0087,9,2025-05-14 15:00:07.046478
O000077,P0020,4,2025-05-25 15:00:07.046480
O000078,P0007,7,2025-06-21 15:00:07.046483
O000079,P0034,9,2025-05-28 15:00:07.046485
O000080,P0059,7,2025-05-23 15:00:07.046488
O000081,P0071,2,2025-07-05 15:00:07.046490
O000082,P0017,2,2025-05-21 15:00:07.046493
O000083,P0098,2,2025-05-22 15:00:07.046495
O000084,P0023,7,2025-06-14 15:00:07.046498
O000085,P0016,8,2025-04-28 15:00:07.046500
O000086,P0024,6,2025-04-16 15:00:07.046502
O000087,P0068,8,2025-05-27 15:00:07.046505
O000088,P0069,7,2025-06-26 15:00:07.046507
O000089,P0002,1,2025-06-11 15:00:07.046511
O000090,P0039,9,2025-05-31 15:00:07.046516
O000091,P0008,2,2025-04-13 15:00:07.046520
O000092,P0076,1,2025-06-22 15:00:07.046524
O000093,P0015,7,2025-05-04 15:00:07.046528
O000094,P0021,4,2025-05-01 15:00:07.046533
O000095,P0001,9,2025-05-15 15:00:07.046537
O000096,P0097,5,2025-05-03 15:00:07.046548
O000097,P0093,1,2025-05-22 15:00:07.046553
O000098,P0045,1,2025-06-14 15:00:07.046555
O000099,P0044,4,2025-05-17 15:00:07.046557
O000100,P0048,2,2025-07-01 15:00:07.046560
O000101,P0010,9,2025-06-25 15:00:07.046564
O000102,P0029,7,2025-05-13 15:00:07.046568
O000103,P0056,3,2025-06-17 15:00:07.046572
O000104,P0027,6,2025-06-03 15:00:07.046577
O000105,P0033,2,2025-04-29 15:00:07.046582
O000106,P0027,2,2025-04-19 15:00:07.046595
O000107,P0057,6,2025-05-06 15:00:07.046598
O000108,P0084,3,2025-04-15 15:00:07.046600
O000109,P0029,3,2025-04-17 15:00:07.046603
O000110,P0024,9,2025-05-25 15:00:07.046606
O000111,P0086,6,2025-07-02 15:00:07.046608
O000112,P0066,1,2025-05-29 15:00:07.046610
O000113,P0063,2,2025-06-14 15:00:07.046613
O000114,P0052,2,2025-04-23 15:00:07.046616
O000115,P0034,7,2025-05-23 15:00:07.046618
O000116,P0093,2,2025-04-30 15:00:07.046621
O000117,P0053,5,2025-05-05 15:00:07.046623
O000118,P0073,7,2025-06-14 15:00:07.046625
O000119,P0072,7,2025-07-09 15:00:07.046628
O000120,P0008,7,2025-06-08 15:00:07.046630
O000121,P0078,5,2025-06-22 15:00:07.046633
O000122,P0013,5,2025-06-08 15:00:07.046635
O000123,P0074,9,2025-05-11 15:00:07.046637
O000124,P0088,8,2025-06-06 15:00:07.046640
O000125,P0031,8,2025-06-11 15:00:07.046642
O000126,P0034,6,2025-05-07 15:00:07.046644
O000127,P0011,3,2025-06-19 15:00:07.046647
O000128,P0075,4,2025-07-04 15:00:07.046649
O000129,P0063,9,2025-05-31 15:00:07.046652
O000130,P0100,7,2025-06-19 15:00:07.046655
O000131,P0011,5,2025-06-26 15:00:07.046658
O000132,P0034,3,2025-06-16 15:00:07.046660
O000133,P0027,7,2025-07-09 15:00:07.046663
O000134,P0062,6,2025-05-01 15:00:07.046665
O000135,P0003,5,2025-05-30 15:00:07.046668
O000136,P0039,1,2025-06-28 15:00:07.046670
O000137,P0087,2,2025-05-07 15:00:07.046672
O000138,P0079,4,2025-06-29 15:00:07.046675
O000139,P0060,7,2025-07-01 15:00:07.046678
O000140,P0059,4,2025-04-18 15:00:07.046680
O000141,P0084,8,2025-05-19 15:00:07.046682
O000142,P0085,4,2025-06-16 15:00:07.046685
O000143,P0001,5,2025-05-14 15:00:07.046687
O000144,P0086,3,2025-04-15 15:00:07.046690
O000145,P0002,7,2025-05-21 15:00:07.046692
O000146,P0007,2,2025-04-15 15:00:07.046695
O000147,P0071,5,2025-05-10 15:00:07.046697
O000148,P0055,2,2025-05-02 15:00:07.046699
O000149,P0043,1,2025-06-11 15:00:07.046702
O000150,P0064,5,2025-06-10 15:00:07.046704
O000151,P0057,4,2025-05-02 15:00:07.046707
O000152,P0054,3,2025-05-15 15:00:07.046710
O000153,P0010,2,2025-06-17 15:00:07.046712
O000154,P0094,2,2025-05-27 15:00:07.046715
O000155,P0024,8,2025-06-24 15:00:07.046717
O000156,P0004,3,2025-05-23 15:00:07.046720
O000157,P0024,8,2025-07-11 15:00:07.046722
O000158,P0001,9,2025-06-08 15:00:07.046725
O000159,P0026,7,2025-06-11 15:00:07.046727
O000160,P0008,4,2025-05-07 15:00:07.046730
O000161,P0004,4,2025-07-04 15:00:07.046732
O000162,P0060,1,2025-05-20 15:00:07.046734
O000163,P0022,2,2025-04-16 15:00:07.046737
O000164,P0007,9,2025-05-12 15:00:07.046739
O000165,P0088,3,2025-05-26 15:00:07.046741
O000166,P0081,9,2025-05-29 15:00:07.046744
O000167,P0037,7,2025-06-19 15:00:07.046747
O000168,P0008,7,2025-06-04 15:00:07.046749
O000169,P0018,3,2025-06-17 15:00:07.046753
O000170,P0031,2,2025-07-11 15:00:07.046758
O000171,P0064,4,2025-05-18 15:00:07.046762
O000172,P0088,6,2025-06-08 15:00:07.046766
O000173,P0032,2,2025-04-17 15:00:07.046771
O000174,P0092,1,2025-06-14 15:00:07.046776
O000175,P0048,5,2025-04-21 15:00:07.046779
O000176,P0049,2,2025-05-09 15:00:07.046782
O000177,P0030,1,2025-06-30 15:00:07.046784
O000178,P0067,5,2025-05-16 15:00:07.046787
O000179,P0057,9,2025-07-10 15:00:07.046789
O000180,P0079,8,2025-05-12 15:00:07.046792
O000181,P0051,6,2025-05-12 15:00:07.046794
O000182,P0057,1,2025-07-04 15:00:07.046796
O000183,P0041,3,2025-04-23 15:00:07.046799
O000184,P0066,5,2025-07-07 15:00:07.046801
O000185,P0097,2,2025-05-26 15:00:07.046804
O000186,P0070,2,2025-04-19 15:00:07.046806
O000187,P0075,3,2025-05-03 15:00:07.046808
O000188,P0078,7,2025-04-24 15:00:07.046811
O000189,P0069,4,2025-04-20 15:00:07.046813
O000190,P0040,2,2025-05-05 15:00:07.046816
O000191,P0056,6,2025-06-29 15:00:07.046818
O000192,P0077,4,2025-05-02 15:00:07.046821
O000193,P0021,8,2025-05-12 15:00:07.046824
O000194,P0032,1,2025-06-20 15:00:07.046826
O000195,P0089,5,2025-05-23 15:00:07.046828
O000196,P0086,7,2025-05-24 15:00:07.046831
O000197,P0061,7,2025-06-18 15:00:07.046833
O000198,P0044,2,2025-05-31 15:00:07.046835
O000199,P0090,9,2025-04-16 15:00:07.046838
O000200,P0091,1,2025-05-10 15:00:07.046840
O000201,P0010,8,2025-06-01 15:00:07.046843
O000202,P0025,9,2025-07-06 15:00:07.046846
O000203,P0071,3,2025-05-06 15:00:07.046849
O000204,P0021,7,2025-07-05 15:00:07.046852
O000205,P0059,6,2025-05-23 15:00:07.046854
O000206,P0022,5,2025-05-19 15:00:07.046857
O000207,P0020,2,2025-04-18 15:00:07.046859
O000208,P0088,6,2025-06-15 15:00:07.046862
O000209,P0028,3,2025-04-24 15:00:07.046864
O000210,P0042,4,2025-05-25 15:00:07.046867
O000211,P0017,1,2025-06-12 15:00:07.046869
O000212,P0096,4,2025-06-13 15:00:07.046872
O000213,P0084,9,2025-06-25 15:00:07.046874
O000214,P0096,4,2025-04-20 15:00:07.046877
O000215,P0087,1,2025-05-02 15:00:07.046880
O000216,P0048,4,2025-06-19 15:00:07.046882
O000217,P0038,2,2025-06-18 15:00:07.046884
O000218,P0093,8,2025-06-01 15:00:07.046887
O000219,P0026,3,2025-05-02 15:00:07.046889
O000220,P0088,2,2025-06-24 15:00:07.046892
O000221,P0085,4,2025-06-29 15:00:07.046894
O000222,P0088,7,2025-06-27 15:00:07.046897
O000223,P0022,5,2025-06-26 15:00:07.046899
O000224,P0045,6,2025-07-11 15:00:07.046901
O000225,P0063,5,2025-05-25 15:00:07.046904
O000226,P0063,6,2025-06-24 15:00:07.046906
O000227,P0041,9,2025-05-31 15:00:07.046909
O000228,P0055,5,2025-05-15 15:00:07.046911
O000229,P0010,3,2025-06-05 15:00:07.046914
O000230,P0027,1,2025-05-15 15:00:07.046918
O000231,P0086,4,2025-04-14 15:00:07.046922
O000232,P0089,2,2025-05-09 15:00:07.046927
O000233,P0034,6,2025-06-22 15:00:07.046931
O000234,P0003,7,2025-07-06 15:00:07.046939
O000235,P0082,5,2025-06-25 15:00:07.046942
O000236,P0050,9,2025-06-16 15:00:07.046944
O000237,P0062,5,2025-07-01 15:00:07.046946
O000238,P0084,9,2025-06-21 15:00:07.046949
O000239,P0021,4,2025-05-03 15:00:07.046951
O000240,P0083,3,2025-06-11 15:00:07.046953
O000241,P0041,4,2025-06-25 15:00:07.046956
O000242,P0030,2,2025-06-12 15:00:07.046958
O000243,P0046,1,2025-05-14 15:00:07.046961
O000244,P0053,1,2025-06-04 15:00:07.046963
O000245,P0089,3,2025-06-15 15:00:07.046966
O000246,P0027,5,2025-06-11 15:00:07.046968
O000247,P0075,5,2025-05-31 15:00:07.046970
O000248,P0057,6,2025-05-15 15:00:07.046973
O000249,P0047,6,2025-06-01 15:00:07.046975
O000250,P0045,1,2025-06-27 15:00:07.046978
O000251,P0018,7,2025-05-04 15:00:07.046980
O000252,P0019,3,2025-06-24 15:00:07.046982
O000253,P0078,3,2025-06-21 15:00:07.046985
O000254,P0031,3,2025-06-28 15:00:07.046988
O000255,P0085,7,2025-06-27 15:00:07.046990
O000256,P0035,9,2025-06-19 15:00:07.046993
O000257,P0098,5,2025-06-07 15:00:07.046995
O000258,P0072,5,2025-07-05 15:00:07.046998
O000259,P0089,3,2025-06-25 15:00:07.047000
O000260,P0038,7,2025-05-15 15:00:07.047002
O000261,P0069,5,2025-04-22 15:00:07.047005
O000262,P0095,4,2025-04-12 15:00:07.047008
O000263,P0054,5,2025-05-08 15:00:07.047010
O000264,P0091,1,2025-07-03 15:00:07.047012
O000265,P0045,1,2025-05-15 15:00:07.047015
O000266,P0051,5,2025-05-30 15:00:07.047017
O000267,P0037,6,2025-05-23 15:00:07.047019
O000268,P0050,8,2025-05-25 15:00:07.047022
O000269,P0078,3,2025-05-23 15:00:07.047024
O000270,P0003,5,2025-05-28 15:00:07.047027
O000271,P0060,7,2025-05-06 15:00:07.047030
O000272,P0033,7,2025-04-28 15:00:07.047034
O000273,P0065,5,2025-06-04 15:00:07.047039
O000274,P0058,2,2025-06-22 15:00:07.047043
O000275,P0096,6,2025-06-10 15:00:07.047047
O000276,P0053,4,2025-04-19 15:00:07.047052
O000277,P0097,2,2025-06-12 15:00:07.047056
O000278,P0091,2,2025-05-31 15:00:07.047058
O000279,P0082,9,2025-04-20 15:00:07.047061
O000280,P0063,2,2025-05-13 15:00:07.047063
O000281,P0061,8,2025-05-14 15:00:07.047066
O000282,P0006,1,2025-06-10 15:00:07.047068
O000283,P0090,6,2025-04-21 15:00:07.047071
O000284,P0087,5,2025-05-05 15:00:07.047073
O000285,P0028,7,2025-05-14 15:00:07.047076
O000286,P0025,2,2025-04-24 15:00:07.047078
O000287,P0045,4,2025-06-22 15:00:07.047081
O000288,P0039,1,2025-06-16 15:00:07.047083
O000289,P0059,9,2025-06-23 15:00:07.047085
O000290,P0063,7,2025-04-23 15:00:07.047088
O000291,P0044,7,2025-05-31 15:00:07.047091
O000292,P0007,9,2025-05-27 15:00:07.047093
O000293,P0043,4,2025-05-11 15:00:07.047096
O000294,P0045,6,2025-07-04 15:00:07.047098
O000295,P0073,9,2025-06-25 15:00:07.047100
O000296,P0047,9,2025-05-10 15:00:07.047103
O000297,P0052,8,2025-06-26 15:00:07.047105
O000298,P0046,2,2025-05-30 15:00:07.047108
O000299,P0018,1,2025-05-25 15:00:07.047110
O000300,P0086,8,2025-05-14 15:00:07.047113
O000301,P0006,5,2025-05-22 15:00:07.047117
O000302,P0031,3,2025-06-03 15:00:07.047121
O000303,P0086,6,2025-06-21 15:00:07.047126
O000304,P0021,8,2025-07-06 15:00:07.047131
O000305,P0023,7,2025-05-19 15:00:07.047136
O000306,P0073,6,2025-05-16 15:00:07.047141
O000307,P0035,6,2025-05-04 15:00:07.047143
O000308,P0097,9,2025-05-27 15:00:07.047145
O000309,P0077,9,2025-05-23 15:00:07.047148
O000310,P0034,9,2025-05-01 15:00:07.047152
O000311,P0094,7,2025-06-26 15:00:07.047154
O000312,P0042,4,2025-05-12 15:00:07.047157
O000313,P0046,8,2025-05-22 15:00:07.047159
O000314,P0070,9,2025-06-02 15:00:07.047162
O000315,P0065,3,2025-05-04 15:00:07.047164
O000316,P0020,3,2025-06-27 15:00:07.047167
O000317,P0038,3,2025-05-23 15:00:07.047169
O000318,P0084,1,2025-04-25 15:00:07.047172
O000319,P0080,2,2025-06-11 15:00:07.047175
O000320,P0099,9,2025-05-27 15:00:07.047178
O000321,P0043,3,2025-05-30 15:00:07.047180
O000322,P0037,4,2025-06-20 15:00:07.047182
O000323,P0090,1,2025-05-25 15:00:07.047185
O000324,P0084,7,2025-06-23 15:00:07.047188
O000325,P0082,9,2025-06-21 15:00:07.047190
O000326,P0100,2,2025-05-31 15:00:07.047193
O000327,P0091,7,2025-05-28 15:00:07.047195
O000328,P0063,8,2025-04-26 15:00:07.047198
O000329,P0083,4,2025-04-24 15:00:07.047200
O000330,P0025,9,2025-04-15 15:00:07.047203
O000331,P0069,3,2025-05-30 15:00:07.047205
O000332,P0066,6,2025-04-28 15:00:07.047208
O000333,P0019,6,2025-04-29 15:00:07.047210
O000334,P0026,8,2025-05-26 15:00:07.047213
O000335,P0002,3,2025-06-11 15:00:07.047215
O000336,P0024,4,2025-04-24 15:00:07.047218
O000337,P0075,5,2025-05-11 15:00:07.047220
O000338,P0085,2,2025-05-25 15:00:07.047223
O000339,P0004,4,2025-06-27 15:00:07.047226
O000340,P0025,2,2025-06-09 15:00:07.047228
O000341,P0036,8,2025-06-22 15:00:07.047230
O000342,P0058,1,2025-06-20 15:00:07.047233
O000343,P0077,3,2025-04-17 15:00:07.047235
O000344,P0009,6,2025-06-04 15:00:07.047238
O000345,P0008,1,2025-05-25 15:00:07.047241
O000346,P0016,8,2025-05-26 15:00:07.047243
O000347,P0038,9,2025-06-18 15:00:07.047246
O000348,P0097,6,2025-04-17 15:00:07.047248
O000349,P0087,2,2025-06-04 15:00:07.047251
O000350,P0054,1,2025-06-27 15:00:07.047253
O000351,P0036,6,2025-06-05 15:00:07.047256
O000352,P0012,4,2025-05-09 15:00:07.047258
O000353,P0077,5,2025-04-12 15:00:07.047261
O000354,P0026,1,2025-05-10 15:00:07.047264
O000355,P0061,8,2025-04-23 15:00:07.047266
O000356,P0077,6,2025-04-13 15:00:07.047269
O000357,P0082,4,2025-06-02 15:00:07.047272
O000358,P0015,7,2025-06-25 15:00:07.047274
O000359,P0039,7,2025-06-08 15:00:07.047276
O000360,P0018,8,2025-04-30 15:00:07.047279
O000361,P0047,9,2025-07-07 15:00:07.047282
O000362,P0042,2,2025-05-13 15:00:07.047284
O000363,P0060,6,2025-06-08 15:00:07.047287
O000364,P0065,4,2025-06-23 15:00:07.047289
O000365,P0046,9,2025-06-02 15:00:07.047292
O000366,P0004,5,2025-06-24 15:00:07.047294
O000367,P0080,2,2025-04-26 15:00:07.047297
O000368,P0011,6,2025-06-29 15:00:07.047299
O000369,P0064,6,2025-05-31 15:00:07.047302
O000370,P0020,7,2025-05-07 15:00:07.047304
O000371,P0037,1,2025-04-24 15:00:07.047307
O000372,P0096,3,2025-06-02 15:00:07.047309
O000373,P0081,7,2025-06-07 15:00:07.047312
O000374,P0005,6,2025-06-29 15:00:07.047315
O000375,P0100,8,2025-06-19 15:00:07.047317
O000376,P0084,2,2025-04-16 15:00:07.047322
O000377,P0076,5,2025-06-25 15:00:07.047326
O000378,P0029,5,2025-07-11 15:00:07.047331
O000379,P0007,8,2025-05-07 15:00:07.047335
O000380,P0038,9,2025-05-03 15:00:07.047339
O000381,P0039,8,2025-05-22 15:00:07.047344
O000382,P0037,3,2025-04-16 15:00:07.047349
O000383,P0049,5,2025-07-10 15:00:07.047491
O000384,P0017,2,2025-07-07 15:00:07.047499
O000385,P0030,3,2025-05-10 15:00:07.047503
O000386,P0056,6,2025-04-16 15:00:07.047508
O000387,P0001,3,2025-05-16 15:00:07.047512
O000388,P0029,5,2025-06-07 15:00:07.047516
O000389,P0083,7,2025-04-16 15:00:07.047520
O000390,P0064,4,2025-07-02 15:00:07.047525
O000391,P0012,3,2025-05-08 15:00:07.047529
O000392,P0064,8,2025-06-16 15:00:07.047534
O000393,P0049,7,2025-06-20 15:00:07.047537
O000394,P0035,5,2025-04-19 15:00:07.047542
O000395,P0080,5,2025-06-13 15:00:07.047546
O000396,P0077,6,2025-06-04 15:00:07.047551
O000397,P0077,8,2025-06-27 15:00:07.047556
O000398,P0093,1,2025-05-30 15:00:07.047561
O000399,P0066,6,2025-05-13 15:00:07.047571
O000400,P0071,6,2025-05-10 15:00:07.047576
O000401,P0026,7,2025-06-23 15:00:07.047581
O000402,P0023,4,2025-07-05 15:00:07.047590
O000403,P0079,7,2025-05-03 15:00:07.047595
O000404,P0047,7,2025-04-12 15:00:07.047600
O000405,P0086,3,2025-04-17 15:00:07.047610
O000406,P0007,4,2025-06-27 15:00:07.047613
O000407,P0083,7,2025-04-24 15:00:07.047616
O000408,P0073,6,2025-05-19 15:00:07.047618
O000409,P0065,3,2025-05-12 15:00:07.047621
O000410,P0038,8,2025-05-04 15:00:07.047623
O000411,P0044,9,2025-07-01 15:00:07.047626
O000412,P0005,3,2025-06-25 15:00:07.047628
O000413,P0051,5,2025-04-14 15:00:07.047630
O000414,P0021,5,2025-06-05 15:00:07.047633
O000415,P0079,1,2025-05-31 15:00:07.047635
O000416,P0058,2,2025-04-18 15:00:07.047637
O000417,P0074,2,2025-06-01 15:00:07.047641
O000418,P0002,2,2025-07-01 15:00:07.047645
O000419,P0081,6,2025-06-18 15:00:07.047649
O000420,P0091,3,2025-06-25 15:00:07.047654
O000421,P0089,9,2025-04-15 15:00:07.047658
O000422,P0023,8,2025-06-24 15:00:07.047662
O000423,P0052,1,2025-06-02 15:00:07.047667
O000424,P0050,4,2025-06-11 15:00:07.047669
O000425,P0034,1,2025-05-08 15:00:07.047672
O000426,P0050,1,2025-05-16 15:00:07.047674
O000427,P0042,8,2025-05-17 15:00:07.047676
O000428,P0066,5,2025-05-29 15:00:07.047679
O000429,P0081,3,2025-06-04 15:00:07.047682
O000430,P0080,5,2025-05-16 15:00:07.047684
O000431,P0075,8,2025-07-09 15:00:07.047687
O000432,P0092,6,2025-06-25 15:00:07.047689
O000433,P0011,3,2025-06-30 15:00:07.047692
O000434,P0034,8,2025-05-27 15:00:07.047694
O000435,P0065,4,2025-04-24 15:00:07.047696
O000436,P0035,2,2025-04-27 15:00:07.047699
O000437,P0041,5,2025-05-25 15:00:07.047701
O000438,P0042,2,2025-04-20 15:00:07.047704
O000439,P0057,4,2025-05-04 15:00:07.047706
O000440,P0051,2,2025-05-12 15:00:07.047709
O000441,P0018,9,2025-07-01 15:00:07.047711
O000442,P0056,6,2025-04-19 15:00:07.047713
O000443,P0072,8,2025-06-13 15:00:07.047716
O000444,P0094,7,2025-06-30 15:00:07.047718
O000445,P0031,2,2025-05-20 15:00:07.047721
O000446,P0027,1,2025-06-10 15:00:07.047723
O000447,P0001,8,2025-04-12 15:00:07.047725
O000448,P0015,7,2025-06-19 15:00:07.047728
O000449,P0070,8,2025-06-24 15:00:07.047730
O000450,P0068,9,2025-04-14 15:00:07.047733
O000451,P0016,6,2025-06-27 15:00:07.047735
O000452,P0044,2,2025-07-02 15:00:07.047737
O000453,P0026,6,2025-05-06 15:00:07.047740
O000454,P0080,2,2025-06-06 15:00:07.047743
O000455,P0084,2,2025-04-16 15:00:07.047745
O000456,P0078,4,2025-07-06 15:00:07.047748
O000457,P0079,7,2025-06-26 15:00:07.047750
O000458,P0100,9,2025-04-21 15:00:07.047754
O000459,P0035,3,2025-06-14 15:00:07.047756
O000460,P0040,5,2025-06-02 15:00:07.047759
O000461,P0038,7,2025-04-27 15:00:07.047761
O000462,P0039,1,2025-06-19 15:00:07.047763
O000463,P0052,3,2025-05-15 15:00:07.047766
O000464,P0012,9,2025-04-17 15:00:07.047768
O000465,P0094,3,2025-05-31 15:00:07.047771
O000466,P0022,7,2025-04-28 15:00:07.047773
O000467,P0043,1,2025-05-26 15:00:07.047776
O000468,P0047,2,2025-07-01 15:00:07.047778
O000469,P0004,6,2025-04-23 15:00:07.047781
O000470,P0018,7,2025-06-01 15:00:07.047783
O000471,P0050,8,2025-05-02 15:00:07.047786
O000472,P0069,6,2025-05-29 15:00:07.047788
O000473,P0029,5,2025-06-06 15:00:07.047791
O000474,P0093,7,2025-05-15 15:00:07.047796
O000475,P0021,7,2025-05-16 15:00:07.047800
O000476,P0075,1,2025-04-17 15:00:07.047804
O000477,P0006,7,2025-07-04 15:00:07.047809
O000478,P0001,5,2025-06-12 15:00:07.047815
O000479,P0050,5,2025-05-01 15:00:07.047820
O000480,P0036,2,2025-06-22 15:00:07.047825
O000481,P0008,8,2025-06-27 15:00:07.047830
O000482,P0045,1,2025-05-30 15:00:07.047834
O000483,P0021,7,2025-05-21 15:00:07.047838
O000484,P0047,9,2025-07-02 15:00:07.047843
O000485,P0081,8,2025-05-15 15:00:07.047848
O000486,P0090,1,2025-06-02 15:00:07.047851
O000487,P0058,7,2025-04-18 15:00:07.047853
O000488,P0026,7,2025-06-06 15:00:07.047856
O000489,P0034,8,2025-04-29 15:00:07.047858
O000490,P0083,1,2025-04-16 15:00:07.047861
O000491,P0043,6,2025-07-08 15:00:07.047863
O000492,P0052,8,2025-05-20 15:00:07.047867
O000493,P0005,4,2025-06-03 15:00:07.047869
O000494,P0089,1,2025-07-08 15:00:07.047872
O000495,P0081,9,2025-04-17 15:00:07.047874
O000496,P0006,9,2025-06-24 15:00:07.047877
O000497,P0033,1,2025-05-21 15:00:07.047879
O000498,P0075,5,2025-05-15 15:00:07.047881
O000499,P0029,5,2025-06-23 15:00:07.047884
O000500,P0071,4,2025-05-15 15:00:07.047887
O000501,P0024,9,2025-05-20 15:00:07.047889
O000502,P0001,4,2025-05-16 15:00:07.047891
O000503,P0076,4,2025-07-03 15:00:07.047894
O000504,P0036,9,2025-04-27 15:00:07.047896
O000505,P0045,9,2025-06-06 15:00:07.047899
O000506,P0040,1,2025-05-25 15:00:07.047901
O000507,P0019,7,2025-05-03 15:00:07.047904
O000508,P0053,6,2025-06-21 15:00:07.047906
O000509,P0043,6,2025-04-15 15:00:07.047908
O000510,P0049,7,2025-04-22 15:00:07.047911
O000511,P0074,3,2025-06-23 15:00:07.047914
O000512,P0008,9,2025-06-17 15:00:07.047916
O000513,P0086,3,2025-05-27 15:00:07.047919
O000514,P0065,1,2025-06-18 15:00:07.047921
O000515,P0066,6,2025-05-27 15:00:07.047924
O000516,P0012,6,2025-06-30 15:00:07.047926
O000517,P0094,9,2025-05-19 15:00:07.047928
O000518,P0026,5,2025-06-20 15:00:07.047931
O000519,P0049,3,2025-04-29 15:00:07.047933
O000520,P0087,2,2025-05-01 15:00:07.047935
O000521,P0068,5,2025-04-29 15:00:07.047938
O000522,P0044,6,2025-05-29 15:00:07.047940
O000523,P0036,3,2025-07-05 15:00:07.047943
O000524,P0034,9,2025-07-03 15:00:07.047946
O000525,P0082,6,2025-05-17 15:00:07.047948
O000526,P0052,5,2025-04-30 15:00:07.047950
O000527,P0047,8,2025-07-03 15:00:07.047953
O000528,P0037,6,2025-06-15 15:00:07.047955
O000529,P0015,5,2025-05-02 15:00:07.047958
O000530,P0028,1,2025-04-23 15:00:07.047960
O000531,P0069,3,2025-04-22 15:00:07.047963
O000532,P0026,5,2025-06-24 15:00:07.047965
O000533,P0088,8,2025-05-30 15:00:07.047967
O000534,P0036,2,2025-06-19 15:00:07.047970
O000535,P0067,3,2025-06-03 15:00:07.047972
O000536,P0022,4,2025-05-16 15:00:07.047975
O000537,P0017,5,2025-06-02 15:00:07.047977
O000538,P0012,7,2025-04-22 15:00:07.047980
O000539,P0046,4,2025-04-21 15:00:07.047982
O000540,P0057,2,2025-05-28 15:00:07.047985
O000541,P0023,8,2025-07-08 15:00:07.047987
O000542,P0067,3,2025-05-31 15:00:07.047990
O000543,P0017,9,2025-05-23 15:00:07.047992
O000544,P0092,6,2025-06-17 15:00:07.047994
O000545,P0098,3,2025-05-25 15:00:07.047997
O000546,P0036,4,2025-07-08 15:00:07.048000
O000547,P0070,7,2025-05-23 15:00:07.048004
O000548,P0056,9,2025-04-28 15:00:07.048008
O000549,P0014,1,2025-06-22 15:00:07.048013
O000550,P0028,9,2025-05-22 15:00:07.048018
O000551,P0002,2,2025-06-23 15:00:07.048028
O000552,P0047,1,2025-06-19 15:00:07.048031
O000553,P0069,5,2025-05-21 15:00:07.048033
O000554,P0025,3,2025-05-09 15:00:07.048036
O000555,P0095,5,2025-06-11 15:00:07.048038
O000556,P0090,1,2025-06-11 15:00:07.048040
O000557,P0039,5,2025-06-15 15:00:07.048043
O000558,P0024,5,2025-05-31 15:00:07.048045
O000559,P0069,3,2025-06-26 15:00:07.048048
O000560,P0075,5,2025-05-19 15:00:07.048050
O000561,P0041,4,2025-06-19 15:00:07.048053
O000562,P0075,8,2025-04-28 15:00:07.048055
O000563,P0018,6,2025-05-03 15:00:07.048058
O000564,P0039,5,2025-07-08 15:00:07.048063
O000565,P0001,1,2025-06-11 15:00:07.048067
O000566,P0078,2,2025-06-07 15:00:07.048072
O000567,P0061,5,2025-07-04 15:00:07.048077
O000568,P0050,2,2025-07-11 15:00:07.048081
O000569,P0070,3,2025-06-02 15:00:07.048084
O000570,P0033,7,2025-07-08 15:00:07.048086
O000571,P0085,6,2025-05-12 15:00:07.048089
O000572,P0056,6,2025-04-12 15:00:07.048091
O000573,P0071,4,2025-05-30 15:00:07.048094
O000574,P0007,9,2025-07-03 15:00:07.048096
O000575,P0005,4,2025-04-22 15:00:07.048098
O000576,P0004,3,2025-07-04 15:00:07.048101
O000577,P0032,7,2025-06-10 15:00:07.048104
O000578,P0078,5,2025-05-03 15:00:07.048108
O000579,P0066,9,2025-05-27 15:00:07.048114
O000580,P0032,9,2025-06-26 15:00:07.048119
O000581,P0030,3,2025-06-28 15:00:07.048123
O000582,P0090,9,2025-07-08 15:00:07.048137
O000583,P0052,1,2025-05-25 15:00:07.048139
O000584,P0054,3,2025-05-12 15:00:07.048142
O000585,P0039,9,2025-06-16 15:00:07.048144
O000586,P0069,4,2025-04-22 15:00:07.048147
O000587,P0068,6,2025-04-19 15:00:07.048149
O000588,P0031,4,2025-05-24 15:00:07.048152
O000589,P0099,1,2025-05-25 15:00:07.048155
O000590,P0031,7,2025-06-17 15:00:07.048157
O000591,P0086,8,2025-07-02 15:00:07.048160
O000592,P0041,3,2025-04-24 15:00:07.048162
O000593,P0012,3,2025-04-18 15:00:07.048165
O000594,P0064,9,2025-06-11 15:00:07.048189
O000595,P0031,4,2025-04-30 15:00:07.048194
O000596,P0082,3,2025-06-06 15:00:07.048198
O000597,P0061,2,2025-07-08 15:00:07.048203
O000598,P0093,9,2025-05-15 15:00:07.048208
O000599,P0037,6,2025-05-16 15:00:07.048210
O000600,P0098,5,2025-07-06 15:00:07.048213
O000601,P0089,3,2025-06-09 15:00:07.048216
O000602,P0076,3,2025-04-24 15:00:07.048218
O000603,P0021,3,2025-05-28 15:00:07.048220
O000604,P0064,8,2025-06-22 15:00:07.048223
O000605,P0047,3,2025-06-17 15:00:07.048225
O000606,P0027,9,2025-07-06 15:00:07.048228
O000607,P0071,1,2025-04-19 15:00:07.048230
O000608,P0026,8,2025-07-08 15:00:07.048233
O000609,P0064,6,2025-06-06 15:00:07.048235
O000610,P0066,1,2025-05-04 15:00:07.048237
O000611,P0087,1,2025-06-01 15:00:07.048240
O000612,P0099,7,2025-04-15 15:00:07.048242
O000613,P0015,7,2025-06-15 15:00:07.048245
O000614,P0073,5,2025-05-13 15:00:07.048247
O000615,P0037,9,2025-05-27 15:00:07.048249
O000616,P0091,1,2025-07-09 15:00:07.048252
O000617,P0093,3,2025-05-01 15:00:07.048254
O000618,P0006,3,2025-04-25 15:00:07.048257
O000619,P0037,9,2025-05-10 15:00:07.048259
O000620,P0077,3,2025-04-23 15:00:07.048262
O000621,P0010,9,2025-05-09 15:00:07.048264
O000622,P0025,5,2025-05-28 15:00:07.048266
O000623,P0050,3,2025-05-26 15:00:07.048269
O000624,P0089,4,2025-06-17 15:00:07.048271
O000625,P0034,4,2025-06-22 15:00:07.048274
O000626,P0042,2,2025-05-20 15:00:07.048276
O000627,P0059,7,2025-05-22 15:00:07.048279
O000628,P0048,9,2025-05-30 15:00:07.048281
O000629,P0061,1,2025-06-24 15:00:07.048284
O000630,P0058,9,2025-04-30 15:00:07.048286
O000631,P0031,2,2025-05-24 15:00:07.048289
O000632,P0062,5,2025-05-28 15:00:07.048291
O000633,P0042,7,2025-07-03 15:00:07.048294
O000634,P0096,3,2025-05-11 15:00:07.048296
O000635,P0079,8,2025-06-13 15:00:07.048298
O000636,P0063,8,2025-04-18 15:00:07.048301
O000637,P0066,9,2025-06-28 15:00:07.048303
O000638,P0004,4,2025-05-03 15:00:07.048306
O000639,P0100,5,2025-05-13 15:00:07.048308
O000640,P0089,7,2025-05-04 15:00:07.048311
O000641,P0017,2,2025-05-10 15:00:07.048313
O000642,P0015,7,2025-05-29 15:00:07.048315
O000643,P0004,2,2025-05-14 15:00:07.048318
O000644,P0057,9,2025-07-01 15:00:07.048320
O000645,P0080,8,2025-05-25 15:00:07.048323
O000646,P0010,5,2025-07-04 15:00:07.048325
O000647,P0007,3,2025-05-04 15:00:07.048327
O000648,P0049,1,2025-05-16 15:00:07.048330
O000649,P0023,4,2025-06-11 15:00:07.048332
O000650,P0014,4,2025-07-10 15:00:07.048335
O000651,P0032,9,2025-06-09 15:00:07.048337
O000652,P0003,8,2025-07-10 15:00:07.048339
O000653,P0056,6,2025-05-04 15:00:07.048342
O000654,P0056,9,2025-06-13 15:00:07.048344
O000655,P0027,8,2025-04-21 15:00:07.048347
O000656,P0037,9,2025-06-27 15:00:07.048349
O000657,P0067,9,2025-05-24 15:00:07.048352
O000658,P0070,9,2025-06-27 15:00:07.048354
O000659,P0016,2,2025-05-01 15:00:07.048357
O000660,P0005,5,2025-06-08 15:00:07.048359
O000661,P0081,1,2025-04-16 15:00:07.048362
O000662,P0054,2,2025-04-30 15:00:07.048364
O000663,P0050,5,2025-07-10 15:00:07.048366
O000664,P0011,8,2025-05-28 15:00:07.048369
O000665,P0063,9,2025-04-18 15:00:07.048371
O000666,P0098,8,2025-07-06 15:00:07.048374
O000667,P0006,6,2025-06-04 15:00:07.048376
O000668,P0002,6,2025-06-14 15:00:07.048379
O000669,P0053,2,2025-05-12 15:00:07.048381
O000670,P0007,4,2025-06-06 15:00:07.048383
O000671,P0031,1,2025-06-23 15:00:07.048386
O000672,P0053,2,2025-04-16 15:00:07.048389
O000673,P0089,7,2025-06-23 15:00:07.048391
O000674,P0013,7,2025-07-11 15:00:07.048395
O000675,P0062,4,2025-06-08 15:00:07.048400
O000676,P0006,6,2025-07-09 15:00:07.048404
O000677,P0005,3,2025-04-20 15:00:07.048409
O000678,P0097,9,2025-06-01 15:00:07.048413
O000679,P0033,6,2025-06-09 15:00:07.048418
O000680,P0034,3,2025-05-05 15:00:07.048423
O000681,P0018,5,2025-06-21 15:00:07.048427
O000682,P0045,5,2025-05-06 15:00:07.048431
O000683,P0042,8,2025-06-01 15:00:07.048434
O000684,P0054,1,2025-06-30 15:00:07.048436
O000685,P0010,5,2025-06-21 15:00:07.048439
O000686,P0013,1,2025-05-03 15:00:07.048441
O000687,P0003,6,2025-05-19 15:00:07.048443
O000688,P0032,2,2025-06-15 15:00:07.048446
O000689,P0014,9,2025-06-01 15:00:07.048448
O000690,P0035,2,2025-06-28 15:00:07.048450
O000691,P0087,7,2025-05-20 15:00:07.048454
O000692,P0084,7,2025-05-15 15:00:07.048458
O000693,P0006,3,2025-05-31 15:00:07.048463
O000694,P0084,6,2025-06-29 15:00:07.048467
O000695,P0068,4,2025-06-18 15:00:07.048472
O000696,P0078,9,2025-05-31 15:00:07.048477
O000697,P0026,5,2025-05-05 15:00:07.048480
O000698,P0040,3,2025-04-28 15:00:07.048483
O000699,P0017,9,2025-05-10 15:00:07.048485
O000700,P0072,8,2025-04-25 15:00:07.048488
O000701,P0073,7,2025-05-09 15:00:07.048490
O000702,P0016,5,2025-06-05 15:00:07.048492
O000703,P0076,9,2025-05-08 15:00:07.048495
O000704,P0059,9,2025-07-11 15:00:07.048497
O000705,P0004,5,2025-05-19 15:00:07.048500
O000706,P0022,6,2025-07-08 15:00:07.048502
O000707,P0038,1,2025-04-18 15:00:07.048505
O000708,P0003,3,2025-07-09 15:00:07.048507
O000709,P0069,2,2025-06-16 15:00:07.048509
O000710,P0062,8,2025-05-27 15:00:07.048512
O000711,P0065,2,2025-05-12 15:00:07.048514
O000712,P0050,8,2025-06-16 15:00:07.048517
O000713,P0040,7,2025-05-22 15:00:07.048519
O000714,P0094,7,2025-05-24 15:00:07.048522
O000715,P0085,6,2025-07-08 15:00:07.048524
O000716,P0020,3,2025-05-28 15:00:07.048527
O000717,P0018,6,2025-06-23 15:00:07.048529
O000718,P0012,1,2025-06-26 15:00:07.048532
O000719,P0094,7,2025-06-30 15:00:07.048534
O000720,P0030,4,2025-04-13 15:00:07.048537
O000721,P0061,1,2025-05-27 15:00:07.048539
O000722,P0060,6,2025-04-16 15:00:07.048542
O000723,P0003,8,2025-06-08 15:00:07.048544
O000724,P0074,7,2025-07-08 15:00:07.048546
O000725,P0071,4,2025-06-21 15:00:07.048549
O000726,P0041,4,2025-06-13 15:00:07.048551
O000727,P0003,8,2025-05-25 15:00:07.048555
O000728,P0099,7,2025-06-10 15:00:07.048560
O000729,P0013,7,2025-05-24 15:00:07.048564
O000730,P0088,5,2025-07-09 15:00:07.048569
O000731,P0082,8,2025-06-09 15:00:07.048573
O000732,P0087,6,2025-06-08 15:00:07.048578
O000733,P0059,7,2025-07-04 15:00:07.048582
O000734,P0007,6,2025-04-25 15:00:07.048587
O000735,P0076,7,2025-04-21 15:00:07.048591
O000736,P0079,3,2025-06-08 15:00:07.048595
O000737,P0086,7,2025-06-30 15:00:07.048598
O000738,P0003,2,2025-06-15 15:00:07.048600
O000739,P0091,1,2025-05-05 15:00:07.048603
O000740,P0048,7,2025-05-19 15:00:07.048605
O000741,P0061,8,2025-05-07 15:00:07.048608
O000742,P0079,2,2025-06-01 15:00:07.048610
O000743,P0054,3,2025-07-07 15:00:07.048612
O000744,P0018,7,2025-05-26 15:00:07.048615
O000745,P0082,6,2025-05-22 15:00:07.048617
O000746,P0004,7,2025-05-14 15:00:07.048620
O000747,P0086,5,2025-07-08 15:00:07.048622
O000748,P0052,4,2025-05-17 15:00:07.048624
O000749,P0001,5,2025-04-17 15:00:07.048627
O000750,P0051,5,2025-05-11 15:00:07.048629
O000751,P0045,7,2025-06-30 15:00:07.048632
O000752,P0011,3,2025-05-24 15:00:07.048634
O000753,P0007,1,2025-04-21 15:00:07.048636
O000754,P0009,6,2025-06-18 15:00:07.048639
O000755,P0031,2,2025-06-11 15:00:07.048641
O000756,P0033,1,2025-05-13 15:00:07.048644
O000757,P0088,1,2025-07-03 15:00:07.048646
O000758,P0007,3,2025-07-06 15:00:07.048649
O000759,P0081,3,2025-04-25 15:00:07.048651
O000760,P0086,4,2025-06-14 15:00:07.048654
O000761,P0078,3,2025-04-20 15:00:07.048657
O000762,P0087,9,2025-06-22 15:00:07.048660
O000763,P0024,6,2025-04-23 15:00:07.048663
O000764,P0039,7,2025-05-17 15:00:07.048665
O000765,P0006,9,2025-06-25 15:00:07.048668
O000766,P0100,7,2025-04-30 15:00:07.048670
O000767,P0056,6,2025-04-17 15:00:07.048673
O000768,P0016,1,2025-05-22 15:00:07.048675
O000769,P0049,5,2025-06-20 15:00:07.048678
O000770,P0011,6,2025-07-11 15:00:07.048681
O000771,P0093,1,2025-06-03 15:00:07.048683
O000772,P0010,7,2025-06-18 15:00:07.048686
O000773,P0094,3,2025-04-25 15:00:07.048688
O000774,P0044,3,2025-04-12 15:00:07.048690
O000775,P0006,3,2025-06-21 15:00:07.048693
O000776,P0087,3,2025-06-10 15:00:07.048695
O000777,P0094,9,2025-04-20 15:00:07.048698
O000778,P0043,2,2025-04-12 15:00:07.048700
O000779,P0091,5,2025-05-15 15:00:07.048703
O000780,P0030,7,2025-06-14 15:00:07.048706
O000781,P0014,3,2025-05-16 15:00:07.048708
O000782,P0073,3,2025-06-10 15:00:07.048710
O000783,P0075,5,2025-05-12 15:00:07.048713
O000784,P0044,4,2025-07-01 15:00:07.048717
O000785,P0077,6,2025-06-27 15:00:07.048722
O000786,P0053,3,2025-06-18 15:00:07.048727
O000787,P0042,2,2025-06-20 15:00:07.048731
O000788,P0025,7,2025-05-10 15:00:07.048737
O000789,P0024,3,2025-05-12 15:00:07.048740
O000790,P0087,4,2025-06-18 15:00:07.048742
O000791,P0036,1,2025-04-12 15:00:07.048745
O000792,P0067,1,2025-06-14 15:00:07.048747
O000793,P0094,4,2025-05-27 15:00:07.048750
O000794,P0093,4,2025-05-05 15:00:07.048752
O000795,P0068,3,2025-05-19 15:00:07.048754
O000796,P0023,9,2025-05-15 15:00:07.048757
O000797,P0085,4,2025-04-19 15:00:07.048759
O000798,P0056,4,2025-05-04 15:00:07.048762
O000799,P0024,1,2025-06-20 15:00:07.048764
O000800,P0082,6,2025-05-23 15:00:07.048767
O000801,P0071,8,2025-07-10 15:00:07.048769
O000802,P0010,2,2025-07-08 15:00:07.048772
O000803,P0071,5,2025-05-14 15:00:07.048774
O000804,P0057,9,2025-07-04 15:00:07.048776
O000805,P0068,2,2025-05-02 15:00:07.048779
O000806,P0100,1,2025-06-30 15:00:07.048781
O000807,P0016,8,2025-06-12 15:00:07.048784
O000808,P0053,8,2025-06-16 15:00:07.048786
O000809,P0009,2,2025-07-01 15:00:07.048789
O000810,P0048,5,2025-06-04 15:00:07.048791
O000811,P0097,9,2025-07-01 15:00:07.048793
O000812,P0035,3,2025-06-13 15:00:07.048796
O000813,P0090,4,2025-06-15 15:00:07.048798
O000814,P0068,4,2025-05-24 15:00:07.048801
O000815,P0024,5,2025-05-28 15:00:07.048803
O000816,P0069,1,2025-05-10 15:00:07.048805
O000817,P0051,4,2025-05-15 15:00:07.048808
O000818,P0054,7,2025-05-06 15:00:07.048810
O000819,P0073,4,2025-06-15 15:00:07.048813
O000820,P0014,7,2025-06-06 15:00:07.048815
O000821,P0055,9,2025-04-25 15:00:07.048817
O000822,P0090,3,2025-05-23 15:00:07.048820
O000823,P0086,2,2025-07-08 15:00:07.048823
O000824,P0001,6,2025-05-02 15:00:07.048825
O000825,P0014,8,2025-05-15 15:00:07.048827
O000826,P0029,9,2025-05-27 15:00:07.048830
O000827,P0027,2,2025-07-08 15:00:07.048832
O000828,P0064,1,2025-05-23 15:00:07.048835
O000829,P0068,7,2025-05-08 15:00:07.048838
O000830,P0048,6,2025-06-28 15:00:07.048841
O000831,P0064,3,2025-04-16 15:00:07.048843
O000832,P0021,1,2025-05-01 15:00:07.048846
O000833,P0049,4,2025-05-24 15:00:07.048848
O000834,P0026,5,2025-05-01 15:00:07.048851
O000835,P0040,4,2025-06-24 15:00:07.048853
O000836,P0021,3,2025-06-19 15:00:07.048855
O000837,P0008,5,2025-06-09 15:00:07.048858
O000838,P0097,1,2025-05-20 15:00:07.048860
O000839,P0033,1,2025-06-23 15:00:07.048862
O000840,P0071,7,2025-04-17 15:00:07.048865
O000841,P0100,8,2025-05-26 15:00:07.048867
O000842,P0039,2,2025-07-07 15:00:07.048870
O000843,P0056,5,2025-06-29 15:00:07.048872
O000844,P0077,6,2025-05-13 15:00:07.048876
O000845,P0070,3,2025-04-20 15:00:07.048878
O000846,P0098,2,2025-04-26 15:00:07.048880
O000847,P0089,9,2025-05-20 15:00:07.048883
O000848,P0028,1,2025-05-04 15:00:07.048886
O000849,P0020,1,2025-07-05 15:00:07.048888
O000850,P0005,2,2025-05-23 15:00:07.048891
O000851,P0091,3,2025-06-08 15:00:07.048894
O000852,P0098,3,2025-05-28 15:00:07.048898
O000853,P0042,8,2025-07-06 15:00:07.048902
O000854,P0009,1,2025-05-06 15:00:07.048907
O000855,P0096,9,2025-04-22 15:00:07.048911
O000856,P0027,7,2025-06-29 15:00:07.048916
O000857,P0042,7,2025-06-28 15:00:07.048919
O000858,P0004,9,2025-04-12 15:00:07.048921
O000859,P0052,6,2025-05-15 15:00:07.048924
O000860,P0099,9,2025-05-02 15:00:07.048926
O000861,P0048,2,2025-05-19 15:00:07.048928
O000862,P0061,8,2025-06-06 15:00:07.048937
O000863,P0079,2,2025-07-11 15:00:07.048940
O000864,P0055,3,2025-05-19 15:00:07.048942
O000865,P0018,8,2025-06-10 15:00:07.048945
O000866,P0088,9,2025-05-17 15:00:07.048948
O000867,P0073,1,2025-04-30 15:00:07.048950
O000868,P0053,3,2025-06-29 15:00:07.048953
O000869,P0059,2,2025-05-23 15:00:07.048955
O000870,P0058,5,2025-05-04 15:00:07.048958
O000871,P0010,2,2025-05-11 15:00:07.048960
O000872,P0004,3,2025-06-11 15:00:07.048963
O000873,P0011,2,2025-05-28 15:00:07.048965
O000874,P0023,9,2025-05-23 15:00:07.048968
O000875,P0027,8,2025-06-02 15:00:07.048970
O000876,P0093,8,2025-07-05 15:00:07.048973
O000877,P0003,3,2025-06-21 15:00:07.048975
O000878,P0090,9,2025-07-02 15:00:07.048977
O000879,P0094,5,2025-04-15 15:00:07.048980
O000880,P0078,5,2025-06-22 15:00:07.048983
O000881,P0030,4,2025-05-27 15:00:07.048985
O000882,P0089,3,2025-06-12 15:00:07.048988
O000883,P0065,7,2025-05-15 15:00:07.048990
O000884,P0025,6,2025-05-21 15:00:07.048992
O000885,P0064,2,2025-06-14 15:00:07.048995
O000886,P0047,6,2025-06-20 15:00:07.048997
O000887,P0097,4,2025-04-21 15:00:07.049000
O000888,P0097,6,2025-05-14 15:00:07.049002
O000889,P0020,7,2025-07-02 15:00:07.049005
O000890,P0080,2,2025-06-11 15:00:07.049007
O000891,P0012,7,2025-05-12 15:00:07.049009
O000892,P0032,8,2025-04-12 15:00:07.049012
O000893,P0060,9,2025-05-12 15:00:07.049014
O000894,P0054,8,2025-07-11 15:00:07.049017
O000895,P0083,9,2025-06-30 15:00:07.049019
O000896,P0068,2,2025-04-20 15:00:07.049022
O000897,P0045,8,2025-05-03 15:00:07.049024
O000898,P0006,6,2025-06-05 15:00:07.049026
O000899,P0079,4,2025-07-09 15:00:07.049029
O000900,P0024,9,2025-05-31 15:00:07.049031
O000901,P0003,7,2025-05-30 15:00:07.049034
O000902,P0027,8,2025-06-21 15:00:07.049036
O000903,P0016,7,2025-06-20 15:00:07.049039
O000904,P0100,4,2025-06-12 15:00:07.049041
O000905,P0024,6,2025-06-25 15:00:07.049043
O000906,P0055,7,2025-05-02 15:00:07.049046
O000907,P0027,3,2025-05-27 15:00:07.049048
O000908,P0054,4,2025-05-21 15:00:07.049051
O000909,P0028,8,2025-05-27 15:00:07.049053
O000910,P0052,1,2025-05-05 15:00:07.049056
O000911,P0008,6,2025-05-02 15:00:07.049058
O000912,P0037,8,2025-04-22 15:00:07.049060
O000913,P0041,7,2025-04-20 15:00:07.049063
O000914,P0041,3,2025-06-02 15:00:07.049065
O000915,P0087,7,2025-04-30 15:00:07.049067
O000916,P0014,1,2025-04-18 15:00:07.049070
O000917,P0048,4,2025-04-27 15:00:07.049073
O000918,P0047,9,2025-06-11 15:00:07.049076
O000919,P0033,1,2025-06-18 15:00:07.049080
O000920,P0093,3,2025-07-11 15:00:07.049085
O000921,P0081,6,2025-06-12 15:00:07.049089
O000922,P0045,4,2025-06-05 15:00:07.049094
O000923,P0060,6,2025-05-11 15:00:07.049104
O000924,P0024,3,2025-06-01 15:00:07.049106
O000925,P0042,2,2025-05-31 15:00:07.049109
O000926,P0031,3,2025-05-29 15:00:07.049111
O000927,P0021,6,2025-06-02 15:00:07.049114
O000928,P0019,1,2025-07-11 15:00:07.049116
O000929,P0012,1,2025-07-01 15:00:07.049119
O000930,P0014,8,2025-05-03 15:00:07.049121
O000931,P0100,3,2025-04-25 15:00:07.049124
O000932,P0054,6,2025-07-04 15:00:07.049126
O000933,P0048,6,2025-05-25 15:00:07.049129
O000934,P0077,1,2025-05-18 15:00:07.049132
O000935,P0006,3,2025-04-23 15:00:07.049134
O000936,P0036,9,2025-07-11 15:00:07.049137
O000937,P0083,2,2025-05-14 15:00:07.049139
O000938,P0022,4,2025-05-13 15:00:07.049141
O000939,P0034,9,2025-05-29 15:00:07.049144
O000940,P0021,6,2025-07-04 15:00:07.049146
O000941,P0062,1,2025-07-08 15:00:07.049149
O000942,P0032,8,2025-04-26 15:00:07.049151
O000943,P0023,9,2025-06-13 15:00:07.049154
O000944,P0099,9,2025-06-19 15:00:07.049156
O000945,P0025,6,2025-05-16 15:00:07.049159
O000946,P0016,4,2025-05-24 15:00:07.049161
O000947,P0015,7,2025-05-26 15:00:07.049164
O000948,P0085,5,2025-05-14 15:00:07.049166
O000949,P0012,8,2025-05-23 15:00:07.049168
O000950,P0005,5,2025-06-30 15:00:07.049171
O000951,P0037,8,2025-05-03 15:00:07.049174
O000952,P0081,5,2025-06-24 15:00:07.049176
O000953,P0083,4,2025-05-13 15:00:07.049178
O000954,P0043,4,2025-05-05 15:00:07.049182
O000955,P0037,8,2025-06-01 15:00:07.049186
O000956,P0027,3,2025-06-27 15:00:07.049191
O000957,P0070,3,2025-04-14 15:00:07.049195
O000958,P0066,4,2025-04-26 15:00:07.049201
O000959,P0008,6,2025-04-19 15:00:07.049205
O000960,P0066,7,2025-04-20 15:00:07.049208
O000961,P0039,3,2025-05-21 15:00:07.049210
O000962,P0047,5,2025-04-25 15:00:07.049212
O000963,P0039,9,2025-06-06 15:00:07.049215
O000964,P0048,7,2025-06-30 15:00:07.049217
O000965,P0080,3,2025-06-27 15:00:07.049220
O000966,P0062,8,2025-06-19 15:00:07.049222
O000967,P0071,7,2025-07-02 15:00:07.049225
O000968,P0033,6,2025-04-12 15:00:07.049227
O000969,P0025,5,2025-04-18 15:00:07.049230
O000970,P0063,4,2025-06-04 15:00:07.049232
O000971,P0007,9,2025-06-13 15:00:07.049235
O000972,P0030,3,2025-06-12 15:00:07.049238
O000973,P0064,6,2025-05-29 15:00:07.049240
O000974,P0064,3,2025-05-02 15:00:07.049244
O000975,P0021,7,2025-05-29 15:00:07.049247
O000976,P0084,2,2025-04-20 15:00:07.049250
O000977,P0089,5,2025-05-09 15:00:07.049252
O000978,P0028,9,2025-04-27 15:00:07.049254
O000979,P0073,2,2025-06-13 15:00:07.049257
O000980,P0055,1,2025-05-05 15:00:07.049260
O000981,P0080,6,2025-07-10 15:00:07.049262
O000982,P0091,6,2025-06-27 15:00:07.049265
O000983,P0050,8,2025-04-30 15:00:07.049267
O000984,P0078,1,2025-06-26 15:00:07.049271
O000985,P0053,4,2025-04-29 15:00:07.049275
O000986,P0098,5,2025-06-06 15:00:07.049280
O000987,P0093,7,2025-05-28 15:00:07.049284
O000988,P0070,4,2025-04-21 15:00:07.049296
O000989,P0077,1,2025-04-22 15:00:07.049300
O000990,P0028,3,2025-05-23 15:00:07.049303
O000991,P0018,3,2025-07-09 15:00:07.049305
O000992,P0013,4,2025-04-19 15:00:07.049308
O000993,P0019,3,2025-05-15 15:00:07.049310
O000994,P0078,3,2025-05-07 15:00:07.049313
O000995,P0041,3,2025-05-01 15:00:07.049315
O000996,P0069,1,2025-07-07 15:00:07.049317
O000997,P0016,5,2025-04-29 15:00:07.049320
O000998,P0002,4,2025-04-21 15:00:07.049322
O000999,P0064,6,2025-06-06 15:00:07.049325
O001000,P0072,8,2025-05-07 15:00:07.049327
